experiment,case,sessions,seed,requests,p95_s,used,attempted,timeout,rejected,board_lag_p95_ms,board_cpu_s,proxy_cpu_s,queue_p95_s,queue_peak,max_observed_age_s,stale
main,after-1024-7,1024,7,3072,3.108607266446779,970,3072,157,1945,1.1214215002837564,3.060113933,7.434293954999999,2.692866826057434,834,1.0169880440080306,0
main,after-1024-8,1024,8,3072,3.0999836506976863,1018,3072,119,1935,1.0528655482630667,2.703011294,7.451746559000001,2.7465672492980957,872,0.9908653799939202,0
main,after-1024-9,1024,9,3072,3.1897994765022304,925,3072,151,1996,1.5655155555577907,3.0795566880000003,7.4877330870000005,2.72175372838974,876,0.9996991020016139,0
main,after-256-7,256,7,768,0.49951146895400594,470,768,111,187,0.9664157012593902,0.5195750490000002,2.202034798,0.24054309129714962,78,0.5330791579908691,0
main,after-256-8,256,8,768,0.39101341869245515,507,768,68,193,1.4945310045732156,0.5142504969999999,1.9567693739999998,0.16838093996047973,60,0.5458950129977893,0
main,after-256-9,256,9,768,0.47862806295015614,493,768,96,179,1.8679005006561027,0.523917811,2.142017019,0.22108922004699705,61,0.5250719839968951,0
main,before-1024-7,1024,7,3072,2.1831054682013926,681,3072,265,2126,88.93509749468627,2.2664542350000003,6.330667201000001,1.6731154084205628,511,,
main,before-1024-8,1024,8,3072,2.7297428170968487,803,3072,55,2214,92.31836610124444,2.7807746890000002,7.0090536750000005,2.4281081318855287,760,,
main,before-1024-9,1024,9,3072,2.5688929697971616,782,3072,55,2235,90.11294699594146,2.3762924930000002,6.699092469,2.175047767162323,708,,
main,before-256-7,256,7,768,0.4035340133043064,429,768,6,333,3.858507404220269,0.5282480509999998,1.99910854,0.1876279830932617,65,,
main,before-256-8,256,8,768,0.41167177024399276,414,768,24,330,2.0607450554962297,0.567213154,2.0450428140000003,0.1814818263053894,94,,
main,before-256-9,256,9,768,0.43966699070879245,443,768,38,287,2.351287444616892,0.5825461710000002,2.0865129040000006,0.18630493879318236,92,,
zero-hold,after-1024-7,1024,7,3072,2.66666493134544,1059,3072,64,1949,1.2942493951413754,2.4537154020000003,7.069878394,2.354071843624115,743,0.959989579001558,0
zero-hold,after-1024-8,1024,8,3072,2.6340440537955145,972,3072,145,1955,1.3265550005598894,2.4491270370000002,7.024736128000001,2.321663165092468,717,0.903369024003041,0
zero-hold,after-1024-9,1024,9,3072,3.0381887922034365,969,3072,67,2036,1.256641898362428,2.732617762,7.379405371000001,2.7225543022155763,742,1.066476298001362,0
zero-hold,before-1024-7,1024,7,3072,2.3159052002964016,895,3072,27,2150,74.93771970548549,2.1142949400000006,6.729996045999999,1.9048140168190002,709,,
zero-hold,before-1024-8,1024,8,3072,2.5423763830447568,869,3072,52,2151,90.2982041501673,2.484025825,6.812762464,2.121746206283569,619,,
zero-hold,before-1024-9,1024,9,3072,2.69509295275202,794,3072,136,2142,82.68426199356327,2.2087639250000004,6.976600465000001,2.3418015003204347,740,,
