case,size,median_s_before,median_s_after,speedup
eviction,128,0.0001735019995976,5.619599960482447e-05,3.0874439607388835
eviction,512,0.0023034610003378,0.0001901260002341,12.115444481562617
eviction,2048,0.043896864999624,0.0008768009993218,50.064798093955126
eviction,8192,0.6498374479997437,0.004179935999673,155.46588465722468
duration,128,0.002379208000093,0.0019747719998122,1.2048013645723463
duration,512,0.002820404999511,0.0021488190004674,1.3125372583253962
duration,2048,0.004741169999761,0.0020325989999037,2.3325653510533195
duration,8192,0.0127553209995312,0.0022369480002453,5.702108854623564
bootstrap,128,0.1667325299995354,0.092241063000074,1.807573813404575
bootstrap,512,0.1994783660002212,0.0970648669999718,2.055103686489151
bootstrap,2048,0.3460281480001868,0.1017992709994359,3.3991220624959504
bootstrap,8192,0.933938051000041,0.1448755219998929,6.446486184192879
h1,32,0.3905162910004947,0.2451498089994856,1.592969999015231
h1,128,0.8137965610003448,0.3085866060000626,2.6371739575766933
h2,32,2.90704085499965,0.455160390999481,6.386849366694926
h2,128,4.926386379000178,2.0709164970003258,2.378843563289941
queue,128,0.0010096930000145,7.595900024170987e-05,13.292605179130137
queue,512,0.0152976579993264,0.0002685700001165,56.95966784335778
queue,2048,0.2359314220002488,0.0012617210004464,186.99175326143867
