case,size,median_s,min_s,max_s,repeats,result_sha256
eviction,128,0.00017350199959764723,0.00016955499995674472,0.00018971000008605188,3,6edb78e513d040911757c81fcc1743aafded9aa260bf8c416c4259281e111543
eviction,512,0.0023034610003378475,0.002292301999659685,0.00232292900000175,3,11e8e9ab140c66e685f403fc705a825817b4e0abc2990109f3fdfd41f37b8dca
eviction,2048,0.043896864999624086,0.04230137700051273,0.04456923799989454,3,2498ac41917063feba126ce1ed0d6f67af90249bb8d3ec0f95c6b433a9cf111c
eviction,8192,0.6498374479997437,0.6347654309993231,0.6535042470004555,3,3a565972659056fb8f207bc4e8e7fa9e43e440135f713f9a526594b806fdb110
duration,128,0.0023792080000930582,0.002323710999917239,0.002671422999810602,3,7a577b233b3bf2d394b2f2add122c1c8298806dcf29ac8c51361f42955cf985c
duration,512,0.0028204049995110836,0.0027962490003119456,0.0028729490004479885,3,5049adc28d305931450d9cd93ff09321d4809e9ab930bee6a23295db4dd6124b
duration,2048,0.004741169999761041,0.004720421999991231,0.004885160999947402,3,d5bdc9b9b80996067105c82dac0827dbc5dda1ec69d611b66384b6bf1e7200ea
duration,8192,0.01275532099953125,0.012582717999976012,0.012871216000348795,3,02d6ab5310191c72cd201cd36173ed3b48dbd92e3ef3d507f592c056667ee559
bootstrap,128,0.16673252999953547,0.1661723119996168,0.16752348999943933,3,3df0041a805f99bcd98553f12819b7b942d057147ed2b0fceb2d0ae97974af5c
bootstrap,512,0.19947836600022129,0.19826505400033057,0.2164419539994924,3,ac5f5c3207524389a9dbf83882fb3ae3b8105fab35bd0f141193ae7ee7b1e0a5
bootstrap,2048,0.3460281480001868,0.34350767500018264,0.34900780099997064,3,254bd69bc858478dad119faf08f404a1e19115af32e3ecea8d780585e40d8e76
bootstrap,8192,0.933938051000041,0.9193357189997187,0.9512869439995484,3,ee2e067f45deec678b800ce80dc9e96d812fd2e1765341a74f48befbcc593161
