mode,sessions,seed,requests,p95_s,proxy_cpu_s,request_rate_s,attempted,used,timeout,error,rejected,peak_outstanding
after,1024,7,3072,2.926031020552909,7.211622283,408.69614661975123,3072,636,358,0,2078,4
after,1024,8,3072,1.8512912875456096,6.352794813999999,467.19499432945713,3072,529,276,0,2267,4
after,1024,9,3072,2.0980656242456464,7.104441373,406.1439069436597,3072,584,226,0,2262,4
after,256,7,768,0.4270795922988327,2.169406165,233.52518661018942,768,416,53,0,299,4
after,256,8,768,0.5569952434976584,2.2988734429999997,210.37688799276245,768,393,118,0,257,4
after,256,9,768,0.4809072293450299,2.308607706,211.4369208210105,768,389,83,0,296,4
before,1024,7,3072,3.189404095295322,8.645928767000001,340.78800985084706,3072,1073,1999,0,0,
before,1024,8,3072,3.464906742302264,8.429883856,360.8213662880415,3072,976,2096,0,0,
before,1024,9,3072,2.3111295584887555,6.789906881,454.6453664039871,3072,924,2148,0,0,
before,256,7,768,0.5030637065101473,2.252377196,227.54783841391279,768,433,335,0,0,
before,256,8,768,0.62182820204398,2.508684908,196.98179699459567,768,455,313,0,0,
before,256,9,768,0.8249896097484449,2.3836261800000003,208.5218517040649,768,458,310,0,0,
