group,sessions,seed,control,ok,attempted,maximum,p95_s,admission_p95_s,upstream_p95_s,transport_p95_s,throughput,prediction_used,prediction_timeouts,prediction_errors,prediction_attempted,control_p95_s,board_lag_max_s,board_cpu_s,proxy_cpu_s,worker_cpu_s,holds,queue_peak,control_errors,control_http_errors,probe_errors,tool_errors,deadline
fd1024,1024,7,False,3061,3068,3072,8.355189906349642,8.141454696655273,0.13156819343566895,0.15203517900044972,150.25471341987296,2668,393,0,3061,,0.0019788889996561893,1.6302073940000001,7.530357514999999,1.2281572760000001,0,931,0,0,0,0,False
fd1024,1024,7,True,3072,3072,3072,7.998179318900202,7.858460700511932,0.12054072618484495,0.14141671140023385,152.60267289197512,2059,1013,0,3072,0.4276220239993563,0.20516693600002328,8.554520417,7.1288361590000004,1.256386258,16813,935,0,0,0,0,False
fd1024,1024,8,False,3062,3067,3072,8.41104735629924,8.12759679555893,0.13135582208633417,0.15043438354841782,149.58667200057008,2698,364,0,3062,,0.0020265469986043144,1.6144105340000001,7.643103518,1.249568736,0,948,0,0,0,0,False
fd1024,1024,8,True,3066,3070,3072,8.104295869549878,7.926623284816742,0.12291979789733887,0.15586451625040354,152.1182699274255,1899,1167,0,3066,0.3914024864006933,0.19035976799859783,8.7259268,7.1934650929999995,1.291061842,16799,928,0,0,0,0,False
fd1024,1024,9,False,3072,3072,3072,8.139119817799747,7.957443642616272,0.12914952039718625,0.1430015654495946,151.06643941822233,2763,309,0,3072,,0.0020907490008539725,1.6412454840000001,7.599388086,1.2987656269999999,0,941,0,0,0,0,False
fd1024,1024,9,True,3072,3072,3072,8.054313966749302,7.845075404644012,0.12065933942794795,0.16021877004968696,152.28582707682807,2019,1053,0,3072,0.45799347960055453,0.19286552500052495,8.924075173999999,7.282182278,1.239624782,16068,948,0,0,0,0,False
fd1024,256,7,False,768,768,768,1.3936478196509596,1.2744948148727417,0.11740226745605468,0.06266732610101826,149.86721083103862,721,47,0,768,,0.0020905639987176955,0.44849113099999993,1.8148260870000001,0.32385322699999985,0,143,0,0,0,0,False
fd1024,256,7,True,768,768,768,1.3799525507997714,1.26357581615448,0.11960697174072261,0.06582378310113199,149.28505436843116,723,45,0,768,0.06385161379903365,0.018670851998831492,0.7765292399999999,1.832411714,0.3226950259999999,1422,174,0,0,0,0,False
fd1024,256,8,False,768,768,768,1.38135037764996,1.2527937412261962,0.11393700838088988,0.05784370269921055,150.24831136382198,743,25,0,768,,0.0019807559994660523,0.433656858,1.811728376,0.3326004499999997,0,143,0,0,0,0,False
fd1024,256,8,True,768,768,768,1.4042450623493095,1.2812116503715516,0.11776437759399414,0.03363800795032147,149.8340088514847,730,38,0,768,0.07834024309877348,0.052386401000330804,0.8164767889999998,1.8464054230000002,0.3540952739999996,1420,147,0,0,0,0,False
fd1024,256,9,False,768,768,768,1.3735328879493864,1.2482314109802246,0.11676439046859738,0.037119059000269766,149.62799831900276,716,52,0,768,,0.0020486969999183174,0.4330282360000002,1.8098853739999998,0.3353926780000003,0,144,0,0,0,0,False
fd1024,256,9,True,768,768,768,1.4170824275000995,1.297720742225647,0.12032456398010254,0.06026038589989184,147.36505963051934,673,95,0,768,0.06522564669921849,0.032967663000090394,0.7936593279999999,1.897526139,0.32885433,1438,150,0,0,0,0,False
fd8192,1024,7,False,3072,3072,3072,8.690162657100064,8.485418558120728,0.13875029087066645,0.1767417486999875,146.80199220859856,2677,395,0,3072,,0.002060471000004324,1.8337858750000002,8.756307428000001,1.644125018,0,952,0,0,0,0,False
fd8192,1024,7,True,3072,3072,3072,8.275553640199997,8.092978394031524,0.13066421747207638,0.14372514100004985,149.83104907513209,1933,1139,0,3072,0.5201073982992056,0.21234138700056066,8.985522054,8.128570627,1.5373988570000003,13845,949,0,0,0,0,False
fd8192,1024,8,False,3072,3072,3072,8.267299018450103,8.058378291130065,0.12961212396621696,0.17277123544945422,150.36979527435233,2795,277,0,3072,,0.0020664970008510836,1.6353432939999997,7.656206183999999,1.3275447459999996,0,961,0,0,0,0,False
fd8192,1024,8,True,3072,3072,3072,8.169723486800827,7.971136200428009,0.12412297725677489,0.17527233855107624,151.3016562829494,1999,1073,0,3072,0.49331413559993936,0.1974488019997807,9.189306977,7.560906861,1.446288011,16045,947,0,0,0,0,False
fd8192,1024,9,False,3072,3072,3072,8.33633313559967,8.15365091562271,0.1274986028671264,0.13668857364900758,149.98997873594982,2741,331,0,3072,,0.0020905120010866057,1.6810747689999999,7.934713749000001,1.2999096810000004,0,943,0,0,0,0,False
fd8192,1024,9,True,3072,3072,3072,8.258702443350739,8.043680596351624,0.1292320609092712,0.15297356044975452,149.55460340287883,1831,1241,0,3072,0.44133849040008494,0.213859777000107,9.170785385999999,8.176919145000001,1.500919776,16888,945,0,0,0,0,False
headroom,1024,7,False,3072,3072,3072,2.826986010899964,2.1576662421226502,0.5366433620452872,0.4969164985010137,344.7854001527183,1462,1610,0,3072,,0.001778220999040056,1.4977022519999998,9.083614582,1.210753203,0,797,0,0,0,0,False
headroom,1024,7,True,3072,3072,3072,3.7180046637995474,3.4502742886543274,0.6220642209053031,0.2553808293010661,328.21735591466,1134,1938,0,3072,0.495198153250385,0.16935189599935258,3.884800991,9.482869525000002,1.16703709,7148,896,0,0,0,0,False
headroom,1024,8,False,3072,3072,3072,4.141370379948875,3.721767699718475,0.6538200378417967,0.3135848679999981,306.7351434116442,1754,1318,0,3072,,0.0017981369994231472,1.5807778940000001,10.172734279,1.1728096359999998,0,875,0,0,0,0,False
headroom,1024,8,True,3072,3072,3072,4.2277589060500755,3.7221496939659118,0.6015333294868468,0.28022195269877553,314.18252251470767,1402,1670,0,3072,0.4839616826013298,0.16980762599923765,4.046220533,9.965884081,1.216198426,6340,862,0,0,0,0,False
headroom,1024,9,False,3072,3072,3072,3.7545455955989384,3.181410813331604,0.6027393937110896,0.3473819015009212,329.1480763616159,1723,1349,0,3072,,0.001925384999776722,1.5254583359999998,9.564104186,1.143246055,0,824,0,0,0,0,False
headroom,1024,9,True,3072,3072,3072,3.598786859950269,3.019439113140106,0.6066101193428033,0.40288057574998676,332.6996922571556,1429,1643,0,3072,0.40859579835050674,0.16095823100040435,3.945420239,9.417353117000001,1.1969499220000004,6335,715,0,0,0,0,False
