sessions,slots,draws,saturated,median_s_before,median_s_after,speedup
128,30,128,False,0.0018493689995011,0.0016925260006246,1.092667999675408
128,30,128,True,0.0168693109999367,0.0020236699992892,8.335998955295047
128,30,1024,False,0.0046670109995829,0.0035869920002369,1.3010932277726492
128,30,1024,True,0.0238202260006801,0.0047082700002647,5.059231097481861
128,300,128,False,0.0030270639999798,0.0023162409997894,1.306886459679727
128,300,128,True,0.164129333999881,0.0036147520004305,45.405420338749096
128,300,1024,False,0.0115742190000673,0.0143337760000576,0.807478713217005
128,300,1024,True,0.209642571000586,0.0162552749998212,12.896894762032137
1024,30,128,False,0.0111505740005668,0.0041090350005106,2.713672188039576
1024,30,128,True,0.1273073689999364,0.0120524200001455,10.562805560908059
1024,30,1024,False,0.0157438649994219,0.007978369999364,1.973318484938268
1024,30,1024,True,0.1639830770000117,0.0136701270002959,11.995724472527735
1024,300,128,False,0.0122818119998555,0.0048764570001367,2.5185933146772763
1024,300,128,True,1.2736836660005793,0.0148699359997408,85.65495278680292
1024,300,1024,False,0.0231227320000471,0.0167863970000325,1.3774684347095052
1024,300,1024,True,1.6311082709999027,0.025101748000452,64.97986797455428
