sessions,slots,draws,saturated,median_s,min_s,max_s,repeats,result_sha256
128,30,128,False,0.001692526000624639,0.0008512650001648581,0.001829089000239037,3,45a5c633963433b381e14d5555d50a36481a51d8114fb1a693710c468c368559
128,30,128,True,0.002023669999289268,0.0020231780008543865,0.002031496000199695,3,c9b299c23ec8fbff17500273298e6633303ffc13b0b4532936ca60d2caabeee5
128,30,1024,False,0.0035869920002369327,0.0035470160000841133,0.003597183999772824,3,45a5c633963433b381e14d5555d50a36481a51d8114fb1a693710c468c368559
128,30,1024,True,0.004708270000264747,0.004663012000492017,0.004709118999926432,3,c9b299c23ec8fbff17500273298e6633303ffc13b0b4532936ca60d2caabeee5
128,300,128,False,0.002316240999789443,0.002315491999979713,0.0023303910002141492,3,45a5c633963433b381e14d5555d50a36481a51d8114fb1a693710c468c368559
128,300,128,True,0.003614752000430599,0.003612749000240001,0.003639090000433498,3,28c47c3ef90da122d3a62013166d7fbc4fca56be29d9bceba8d9da9e83ea206d
128,300,1024,False,0.014333776000057696,0.01431245499952638,0.014430776000153855,3,45a5c633963433b381e14d5555d50a36481a51d8114fb1a693710c468c368559
128,300,1024,True,0.016255274999821268,0.016250734999630367,0.016410241999437858,3,28c47c3ef90da122d3a62013166d7fbc4fca56be29d9bceba8d9da9e83ea206d
1024,30,128,False,0.00410903500051063,0.003925487000742578,0.004264746000444575,3,7ffa821877a2b3261676ee0329a6bc3727d3cd9f35ce443a065707924aca8c58
1024,30,128,True,0.012052420000145503,0.011876861999553512,0.01205551299972285,3,35fa0fc702c78985773a9545ac2eb5f8301c082b11897d36836fd92e2bd3517d
1024,30,1024,False,0.007978369999364077,0.006303189999925962,0.01104259100065974,3,7ffa821877a2b3261676ee0329a6bc3727d3cd9f35ce443a065707924aca8c58
1024,30,1024,True,0.013670127000295906,0.01349002200004179,0.014259904999562423,3,35fa0fc702c78985773a9545ac2eb5f8301c082b11897d36836fd92e2bd3517d
1024,300,128,False,0.004876457000136725,0.00480396200055111,0.005038426000282925,3,7ffa821877a2b3261676ee0329a6bc3727d3cd9f35ce443a065707924aca8c58
1024,300,128,True,0.014869935999740846,0.014630788999966171,0.027053816000261577,3,a533c312b134e4f20b85b4b411ba7919ef47d4764a0046b0e2359c911d3b0cd2
1024,300,1024,False,0.016786397000032593,0.01616871300029743,0.01730271399992489,3,7ffa821877a2b3261676ee0329a6bc3727d3cd9f35ce443a065707924aca8c58
1024,300,1024,True,0.025101748000452062,0.024941578999460035,0.02577678899979219,3,a533c312b134e4f20b85b4b411ba7919ef47d4764a0046b0e2359c911d3b0cd2
