experiment,case,revision,sessions,seed,requests,p95_s,proxy_cpu_s,used,attempted,proxy_admission_wait_s,proxy_prediction_wait_s,proxy_release_dispatch_s,proxy_upstream_s
paired,after-1024-7,0425a58,1024,7,3072,1.4651511954049055,4.505597995,964,3072,0.651070237159729,0.11984523889404941,0.010930275917053221,0.15591959953308104
paired,after-1024-8,0425a58,1024,8,3072,1.422391995752696,4.459166418,1016,3072,0.6152351975440975,0.13589765960496142,0.012230587005615232,0.16343694925308225
paired,after-1024-9,0425a58,1024,9,3072,1.4230952374004118,4.749943762,963,3072,0.562377643585205,0.10770092664824912,0.014970946311950674,0.20028156042099
paired,after-256-7,0425a58,256,7,768,0.3289156877930509,1.3040703000000002,518,768,0.12524523735046386,0.04341708655774709,0.007596457004547119,0.07990541458129882
paired,after-256-8,0425a58,256,8,768,0.3020917353504046,1.3278331520000002,514,768,0.10912359952926635,0.04734484745786176,0.006814444065093992,0.07389262914657593
paired,after-256-9,0425a58,256,9,768,0.2720774217013968,1.3062199159999999,526,768,0.11446872949600219,0.05069187635308481,0.006375837326049804,0.11292598247528075
paired,before-1024-7,bb2a561,1024,7,3072,2.4618454193507207,6.839782908999999,1080,3072,2.0945618748664856,0.030687149699951972,0.003945183753967282,0.4262670516967771
paired,before-1024-8,bb2a561,1024,8,3072,2.588530697548413,6.986979421000001,1066,3072,2.240719866752624,0.021632400746602793,0.004991459846496576,0.44625744819641106
paired,before-1024-9,bb2a561,1024,9,3072,2.654440915046871,7.09865078,1126,3072,2.3170578122138976,0.03065236565089435,0.0056750893592834376,0.4275331020355224
paired,before-256-7,bb2a561,256,7,768,0.3736688580960617,1.9009084979999997,535,768,0.1475839018821716,0.05081266454872093,0.0025938034057617176,0.22044247388839716
paired,before-256-8,bb2a561,256,8,768,0.34407587130626777,1.8065932150000004,527,768,0.1474684357643127,0.05721971494785975,0.0024384617805480934,0.18682144880294793
paired,before-256-9,bb2a561,256,9,768,0.3768328265970922,1.864224594,538,768,0.1426860690116882,0.04909050059432046,0.002017557621002197,0.2104818820953369
profile,profile,0425a58,1024,7,3072,8.636970788400504,18.323206243,14,3072,6.785149645805359,0.49339424274658067,0.07300437688827512,0.591389524936676
