model,target,class,h,crps,pinball90,pinball95,cov80,cov90,endogenous_fraction,n,crps_pert,pinball90_pert,pinball95_pert,cov80_pert,cov90_pert
B1_kalman,kv_blocks,background,10.0,0.00013319985155679767,0.00014404238737172935,9.215824419879455e-05,1.0,1.0,0.0,451,,,,,
B1_kalman,kv_blocks,background,30.0,0.00013302749754355082,0.00014408611356316376,9.169279356769404e-05,1.0,1.0,0.0,451,,,,,
B1_kalman,kv_blocks,background,120.0,0.00013181292781621655,0.00014261018786247446,9.109620166955853e-05,1.0,1.0,0.0,451,,,,,
B1_kalman,kv_blocks,background,300.0,0.00012947051538786028,0.00014037874780536866,9.025962239941443e-05,1.0,1.0,0.0,451,,,,,
B1_kalman,kv_blocks,background,900.0,0.00012540026693334412,0.00013479014610085277,8.611463546334391e-05,1.0,1.0,0.0,451,,,,,
B1_kalman,kv_blocks,interactive,10.0,13321.027990299674,4519.9329823632615,2814.2957378133437,0.9024390243902439,0.9534368070953437,0.0,451,,,,,
B1_kalman,kv_blocks,interactive,30.0,17150.76569638966,6682.914434816079,4250.781226165288,0.9534368070953437,0.9800443458980045,0.0,451,,,,,
B1_kalman,kv_blocks,interactive,120.0,24289.388045303564,10652.952713962472,6874.2514716932465,0.9578713968957872,0.9689578713968958,0.0,451,,,,,
B1_kalman,kv_blocks,interactive,300.0,30418.771210843806,14087.097561703882,9429.383291928974,0.9046563192904656,0.9201773835920177,0.0,451,,,,,
B1_kalman,kv_blocks,interactive,900.0,54954.874765981556,25987.030547059258,19344.196798440946,0.7250554323725056,0.7827050997782705,0.0,451,,,,,
B1_kalman,prefill_tokens,background,10.0,0.0001336595036666636,0.00014395114309106275,9.269268297054657e-05,1.0,1.0,0.0,451,,,,,
B1_kalman,prefill_tokens,background,30.0,0.00013439431021757458,0.00014368693676445373,9.19971452703854e-05,1.0,1.0,0.0,451,,,,,
B1_kalman,prefill_tokens,background,120.0,0.0001339191260123224,0.00014320530346921586,9.113756541039325e-05,1.0,1.0,0.0,451,,,,,
B1_kalman,prefill_tokens,background,300.0,0.0001319615489267779,0.00014133068781698997,9.032235134049657e-05,1.0,1.0,0.0,451,,,,,
B1_kalman,prefill_tokens,background,900.0,0.00012463855794337777,0.0001349594273164374,8.641484217496043e-05,1.0,1.0,0.0,451,,,,,
B1_kalman,prefill_tokens,interactive,10.0,213870.10720770984,72567.17178850148,44577.44963821675,0.8980044345898004,0.9578713968957872,0.0,451,,,,,
B1_kalman,prefill_tokens,interactive,30.0,274133.7516397124,106668.82500170369,67647.95859099139,0.9645232815964523,0.9800443458980045,0.0,451,,,,,
B1_kalman,prefill_tokens,interactive,120.0,388856.74467922316,169873.37966348403,109724.12790809813,0.9578713968957872,0.9645232815964523,0.0,451,,,,,
B1_kalman,prefill_tokens,interactive,300.0,488789.70466316584,229092.36397847958,152567.84476968527,0.9002217294900222,0.917960088691796,0.0,451,,,,,
B1_kalman,prefill_tokens,interactive,900.0,883157.4715407768,419514.306279051,311551.4371900819,0.7184035476718403,0.7827050997782705,0.0,451,,,,,
M1_survival+cal,kv_blocks,background,10.0,0.0,0.0,0.0,1.0,1.0,0.0,451,,,,,
M1_survival+cal,kv_blocks,background,30.0,0.0,0.0,0.0,1.0,1.0,0.0,451,,,,,
M1_survival+cal,kv_blocks,background,120.0,0.0,0.0,0.0,1.0,1.0,0.0,451,,,,,
M1_survival+cal,kv_blocks,background,300.0,0.0,0.0,0.0,1.0,1.0,0.0,451,,,,,
M1_survival+cal,kv_blocks,background,900.0,0.0,0.0,0.0,1.0,1.0,0.0,451,,,,,
M1_survival+cal,kv_blocks,interactive,10.0,25518.545399715917,6661.032309193785,3797.7042491971433,0.49445676274944567,0.6518847006651884,0.9880725336170618,451,,,,,
M1_survival+cal,kv_blocks,interactive,30.0,22830.41685610953,5581.117490582132,3183.5222087423895,0.5343680709534369,0.6496674057649667,0.9762247828964403,451,,,,,
M1_survival+cal,kv_blocks,interactive,120.0,21899.199666867204,5766.4115328238895,3265.1118119913804,0.5898004434589801,0.7184035476718403,0.9397953925586064,451,,,,,
M1_survival+cal,kv_blocks,interactive,300.0,25607.431844802762,6770.704905847903,3882.16957002824,0.5454545454545454,0.7006651884700665,0.8937296980284807,451,,,,,
M1_survival+cal,kv_blocks,interactive,900.0,25072.449642490712,8656.907593148577,5070.251549937036,0.7472283813747228,0.8558758314855875,0.7954335750991794,451,,,,,
M1_survival+cal,prefill_tokens,background,10.0,0.0,0.0,0.0,1.0,1.0,0.0,451,,,,,
M1_survival+cal,prefill_tokens,background,30.0,0.0,0.0,0.0,1.0,1.0,0.0,451,,,,,
M1_survival+cal,prefill_tokens,background,120.0,0.0,0.0,0.0,1.0,1.0,0.0,451,,,,,
M1_survival+cal,prefill_tokens,background,300.0,0.0,0.0,0.0,1.0,1.0,0.0,451,,,,,
M1_survival+cal,prefill_tokens,background,900.0,0.0,0.0,0.0,1.0,1.0,0.0,451,,,,,
M1_survival+cal,prefill_tokens,interactive,10.0,408273.60278551775,106570.27577714685,60759.48242254061,0.49445676274944567,0.6518847006651884,0.9880725336170618,451,,,,,
M1_survival+cal,prefill_tokens,interactive,30.0,365270.0361038381,89293.23850355923,50933.3370179786,0.5343680709534369,0.6496674057649667,0.9762247828964403,451,,,,,
M1_survival+cal,prefill_tokens,interactive,120.0,350374.54473089974,92257.70215053996,52238.936409654816,0.5898004434589801,0.7184035476718403,0.9397953925586064,451,,,,,
M1_survival+cal,prefill_tokens,interactive,300.0,409702.88290584733,108325.10483134244,62111.40456932136,0.5454545454545454,0.7006651884700665,0.8937296980284807,451,,,,,
M1_survival+cal,prefill_tokens,interactive,900.0,401148.58901450486,138502.34638182548,81119.26052467857,0.7472283813747228,0.8558758314855875,0.7954335750991794,451,,,,,
