family,model,pinball90,crps,n
build-fmt-j1,B2,52.564945631441866,59.23750852418949,23
build-fmt-j1,M1,47.21931991906176,78.58790538598912,23
build-fmt-j1,M2,7.742314366159456,47.21934314921196,23
build-fmt-j2,B2,8.67380150556564,76.42396498848545,12
build-fmt-j2,M1,10.397161646807916,70.73438627693966,12
build-fmt-j2,M2,15.603521779702334,21.346756840424742,12
pipe-s-a,B2,26.22507955193519,73.94991889767407,10
pipe-s-a,M1,26.300468459129327,74.53873028218659,10
pipe-s-a,M2,0.5175528860168813,1.0166439396080647,10
pipe-s-b,B2,14.30072498459082,35.88242497479503,26
pipe-s-b,M1,16.223775266103495,36.755081705142985,26
pipe-s-b,M2,1.3688837750852285,2.4503043864845404,26
pipe-s-c,B2,21.303615678846832,42.441735940882836,16
pipe-s-c,M1,21.429263417422767,60.46164423883579,16
pipe-s-c,M2,0.7824236966194787,1.690072940069335,16
pipe-s-d,B2,8.882545049116013,55.07752841073409,32
pipe-s-d,M1,11.45961069411005,43.36192793812703,32
pipe-s-d,M2,1.6880568679643264,3.0969433986483645,32
pipe-w-a,B2,24.95982179840405,61.20144449960693,12
pipe-w-a,M1,24.938881725072857,67.93816420310486,12
pipe-w-a,M2,4.8220709313483905,11.752888664683482,12
pipe-w-b,B2,69.03718992233277,113.00993779345816,45
pipe-w-b,M1,39.184336048488035,82.65467133379299,45
pipe-w-b,M2,19.76278378880031,38.192372422394925,45
pytest-numpy,B2,4.027617317438125,53.29506820832354,26
pytest-numpy,M1,13.974133719389252,25.754431399043824,26
pytest-numpy,M2,14.58433695549631,103.1257408677865,26
all phases,B2,30.11464239347099,67.3221658740323,202
all phases,M1,24.906426118254167,58.99334299520361,202
all phases,M2,8.905947921912619,30.1147741054749,202
