arm,mean,ci_lo,ci_hi,diff_mean,diff_ci_lo,diff_ci_hi,metric
native,0.8502388490135899,0.8401974917001414,0.8619235807589697,0.0,0.0,0.0,slo_attainment_sessions
proxy_rules,0.8681476262767499,0.8577647227855286,0.8769053823209311,0.017755274121842635,0.004165617940211622,0.029481225100426237,slo_attainment_sessions
forecast_M1_kv,0.8812847692678042,0.871210000568658,0.8898162366554419,0.031057286129425574,0.015405245198633585,0.04357648094942434,slo_attainment_sessions
forecast_M2_kv,0.8821551393417557,0.8733168047827555,0.891365059178378,0.032293845788220685,0.01913321481751298,0.04565990315952014,slo_attainment_sessions
oracle_kv,0.865933043289311,0.8562118739981802,0.8776745414708712,0.016451649804414607,0.0014621818722167727,0.0294927616134066,slo_attainment_sessions
oracle_kv_cw,0.8608787065902994,0.8497454679491586,0.8700537933371976,0.010509068287465567,-0.004220201594860143,0.024149161287320337,slo_attainment_sessions
native,3308.8919493020026,3242.3544858240157,3374.3130088898656,0.0,0.0,0.0,bg_jct_mean
proxy_rules,3272.2996738433108,3191.6632526000776,3350.2558297212745,-39.90190095021897,-92.57101237721642,12.38432979327602,bg_jct_mean
forecast_M1_kv,3286.6633763125355,3208.3597626373876,3360.9464634386404,-25.698239648584988,-79.28383215971509,27.405101481533272,bg_jct_mean
forecast_M2_kv,3287.4641484983,3207.4201655416396,3363.6475349964535,-24.942193385199577,-79.8952221387408,26.915420995326087,bg_jct_mean
oracle_kv,3308.3493131257896,3227.210248793554,3384.0762372066597,-4.022346571251322,-59.11443379567356,48.70480275767542,bg_jct_mean
oracle_kv_cw,3303.4388267956087,3222.677687022301,3378.6747338336395,-8.822248860352481,-63.87065878599437,44.059510754213164,bg_jct_mean
native,0.18984220907297833,0.17362098429845066,0.20751556062067153,0.0,0.0,0.0,deadline_hit_rate
proxy_rules,0.25,0.23266764215303243,0.26890080621622336,0.06093762995495582,0.04473445677513775,0.07656867807883032,deadline_hit_rate
forecast_M1_kv,0.24605522682445757,0.22903932408868896,0.2650564846112791,0.05699868175644645,0.04191919660321865,0.07176997499238619,deadline_hit_rate
forecast_M2_kv,0.24605522682445757,0.22823826947912182,0.2650156393805605,0.0568970089775101,0.04117626269765935,0.07197580542305433,deadline_hit_rate
oracle_kv,0.24457593688362922,0.22761671016504237,0.2636909580840469,0.055550360358660775,0.04118450813655223,0.07173831214089767,deadline_hit_rate
oracle_kv_cw,0.24506903353057197,0.22770488360641492,0.2641119548918857,0.05599908878086881,0.041471117916065184,0.0722877663171696,deadline_hit_rate
