arm,seed,ttft_after_tool_p50,ttft_after_tool_p95,ttft_after_tool_p99,slo_attainment_calls,bg_jct_mean,bg_jct_p95,deadline_hit_rate,tasks_per_hour,max_imposed_delay_by_tenant,mean_held_s_background,gpu_hours,recomputed_prefill_tokens,kv_hit_rate,hold_kv_block_s,evictions_caused_by_holds,evictions_to_admit,queue_proxy_share,queue_worker_share,sessions_completed,caps,touches,touch_hits,touch_misses,touch_fails,touch_prefill_tokens,touch_slot_s,touch_retries,pins
native,0,1.0780965128550264,2.756734890173874,3.5086852034185165,0.8419078242229368,3404.4756378208444,5468.654104007836,0.1730205278592375,390.5148205928237,"{""t0"": 0.0, ""t1"": 0.0, ""t2"": 0.0, ""t3"": 0.0}",0.0,2.6708333333333334,49379085,0.15278292118724318,0.0,0,6188,0.0,1.0,1043,0,0,0,0,0,0,0.0,0,0
proxy_rules,0,0.8524125416241759,3.381400992251521,5.356467294227627,0.845123258306538,3414.4821535337587,6355.848258667229,0.21994134897360706,367.0381231671554,"{""t0"": 0.0, ""t1"": 0.0, ""t2"": 0.0, ""t3"": 0.0}",0.0,2.841666666666667,39670394,0.31935888807921176,0.0,0,4649,1.0,0.0,1043,0,0,0,0,0,0,0.0,0,0
forecast_M2_kv,0,0.7271061041484472,3.1213801457113277,4.557873329293517,0.84994640943194,3422.2849124959653,6372.200904870095,0.2243401759530792,366.5007320644217,"{""t0"": 0.0, ""t1"": 0.0, ""t2"": 0.0, ""t3"": 0.0}",0.0,2.845833333333333,42344493,0.27347828208507247,0.0,0,5403,1.0,0.0,1043,0,0,0,0,0,0,0.0,0,0
forecast_M1_pin,0,0.8248138913484127,3.291112332492844,4.966130524911941,0.8483386923901394,3429.6178869262208,6422.513544066821,0.22580645161290325,367.93728564429205,"{""t0"": 0.0, ""t1"": 0.0, ""t2"": 0.0, ""t3"": 0.0}",0.0,2.834722222222222,41275938,0.2918119155586527,0.0,0,4951,0.9999478172116268,5.218278837308922e-05,1043,0,0,0,0,0,0,0.0,0,1567
forecast_M2_pin,0,0.8614753092601859,3.4541518795511195,4.954934217392364,0.8419078242229368,3427.3507073004794,6418.418504728149,0.22287390029325516,368.11764705882354,"{""t0"": 0.0, ""t1"": 0.0, ""t2"": 0.0, ""t3"": 0.0}",0.0,2.8333333333333335,41668799,0.28507143932667195,0.0,0,5040,0.9999593372534122,4.066274658767544e-05,1043,0,0,0,0,0,0,0.0,0,1586
oracle_pin,0,0.9214146232407074,3.450902808949934,5.160445990419675,0.8386923901393355,3480.1981164271565,6479.500321566823,0.21554252199413493,364.36681222707426,"{""t0"": 0.0, ""t1"": 0.0, ""t2"": 0.0, ""t3"": 0.0}",0.0,2.8625,46932371,0.19476219009776016,0.0,0,5921,0.9998407877401966,0.00015921225980335894,1043,0,0,0,0,0,0,0.0,0,1662
pin_random,0,0.9145582172725994,3.555745941495559,5.299060081345289,0.8290460878885316,3513.8614948330564,6520.454243708133,0.21407624633431088,359.13916786226685,"{""t0"": 0.0, ""t1"": 0.0, ""t2"": 0.0, ""t3"": 0.0}",0.0,2.904166666666667,49496516,0.1507681096778347,0.0,0,6418,0.999579759932615,0.0004202400673849435,1043,0,0,0,0,0,0,0.0,0,2180
forecast_M2_touch,0,0.8596517512478385,3.309210130708209,5.152669391334716,0.8467309753483387,3407.735404199663,6352.286182409699,0.2243401759530792,368.659793814433,"{""t0"": 0.0, ""t1"": 0.0, ""t2"": 0.0, ""t3"": 0.0}",0.0,2.8291666666666666,37038192,0.3645206501751497,0.0,0,4506,0.9999999472587869,5.274121297998062e-08,1043,0,681,349,332,0,3197728,34.0500000000002,0,0
native,1,0.9663212198886413,2.6625029434512264,3.4380998664022626,0.8443804034582133,3281.342082634857,5541.931458349771,0.22366522366522368,396.45569620253167,"{""t0"": 0.0, ""t1"": 0.0, ""t2"": 0.0, ""t3"": 0.0}",0.0,2.6333333333333333,47746948,0.15271378632723412,0.0,0,5936,0.0,1.0,1044,0,0,0,0,0,0,0.0,0,0
proxy_rules,1,0.7594491832751373,2.845432274827186,4.151264313738397,0.8628242074927954,3213.3971831700583,6272.895576572081,0.26262626262626265,393.1380753138075,"{""t0"": 0.0, ""t1"": 0.0, ""t2"": 0.0, ""t3"": 0.0}",0.0,2.6555555555555554,38059405,0.32462260923801173,0.0,0,4428,1.0,0.0,1044,0,0,0,0,0,0,0.0,0,0
forecast_M2_kv,1,0.6919393676264463,2.842064586672904,4.24607780596668,0.8795389048991354,3218.461619658445,6283.638801853509,0.26262626262626265,391.7040125065138,"{""t0"": 0.0, ""t1"": 0.0, ""t2"": 0.0, ""t3"": 0.0}",0.0,2.665277777777778,40884151,0.2744965081325067,0.0,0,5214,1.0,0.0,1044,0,0,0,0,0,0,0.0,0,0
forecast_M1_pin,1,0.7592331011333044,2.8467636278109523,4.651779518326018,0.8755043227665706,3228.087810056467,6287.983534233995,0.2611832611832612,391.2961998958875,"{""t0"": 0.0, ""t1"": 0.0, ""t2"": 0.0, ""t3"": 0.0}",0.0,2.6680555555555556,39773817,0.2941997714860542,0.0,0,4785,0.9999491963582999,5.080364170011913e-05,1044,0,0,0,0,0,0,0.0,0,1543
forecast_M2_pin,1,0.7895735041297485,2.851452866476688,4.469427857297342,0.869164265129683,3223.045447451746,6293.735098775374,0.26262626262626265,391.5,"{""t0"": 0.0, ""t1"": 0.0, ""t2"": 0.0, ""t3"": 0.0}",0.0,2.6666666666666665,39529965,0.29852701011451127,0.0,0,4725,0.9999374144365994,6.258556340051362e-05,1044,0,0,0,0,0,0,0.0,0,1583
oracle_pin,1,0.8874166776899983,3.056984217422655,4.715758268719159,0.8587896253602305,3273.699046448225,6372.702324632152,0.25829725829725825,389.2698083894355,"{""t0"": 0.0, ""t1"": 0.0, ""t2"": 0.0, ""t3"": 0.0}",0.0,2.6819444444444445,45656133,0.18981602634559558,0.0,0,5781,0.9998959826320238,0.00010401736797609806,1044,0,0,0,0,0,0,0.0,0,1655
pin_random,1,0.863426426508795,3.1186904447467554,4.94643053379925,0.8472622478386167,3297.0490472026304,6454.5408332606785,0.2611832611832612,386.66666666666663,"{""t0"": 0.0, ""t1"": 0.0, ""t2"": 0.0, ""t3"": 0.0}",0.0,2.7,47202695,0.16237174527468443,0.0,0,6082,0.9995196816327271,0.00048031836727289903,1044,0,0,0,0,0,0,0.0,0,2130
forecast_M2_touch,1,0.760801889829736,2.8318238545932215,4.613155730732533,0.8772334293948126,3208.4216528218617,6266.0416631358285,0.2640692640692641,392.932566649242,"{""t0"": 0.0, ""t1"": 0.0, ""t2"": 0.0, ""t3"": 0.0}",0.0,2.6569444444444446,35682120,0.366808359130781,0.0,0,4290,0.9999999432478968,5.675210330309542e-08,1044,0,611,300,311,0,2814560,30.5500000000003,0,0
native,2,0.9603034726069382,2.6055363599072727,3.35439844347442,0.8668961560527826,3240.243078908033,5289.452752365592,0.1715160796324655,383.416181914331,"{""t0"": 0.0, ""t1"": 0.0, ""t2"": 0.0, ""t3"": 0.0}",0.0,2.626388888888889,46692741,0.16248173966707258,0.0,0,5796,0.0,1.0,1007,0,0,0,0,0,0,0.0,0,0
proxy_rules,2,0.7704452340658463,2.80427308756034,4.182393897620807,0.868043602983362,3204.036657252995,6034.393856617439,0.25727411944869827,406.18487394957987,"{""t0"": 0.0, ""t1"": 0.0, ""t2"": 0.0, ""t3"": 0.0}",0.0,2.4791666666666665,36770085,0.3404624153143233,0.0,0,4225,1.0,0.0,1007,0,0,0,0,0,0,0.0,0,0
forecast_M2_kv,2,0.6695573332640379,2.8576035420436026,4.229898752821761,0.8858290304073436,3207.5610077417696,6064.524342006407,0.2588055130168453,404.5982142857143,"{""t0"": 0.0, ""t1"": 0.0, ""t2"": 0.0, ""t3"": 0.0}",0.0,2.488888888888889,39793902,0.28622482079390027,0.0,0,4990,1.0,0.0,1007,0,0,0,0,0,0,0.0,0,0
forecast_M1_pin,2,0.8276912243600236,3.144153237035212,4.47045257314668,0.8514056224899599,3216.616165465345,6060.5555937296385,0.25727411944869827,405.05027932960894,"{""t0"": 0.0, ""t1"": 0.0, ""t2"": 0.0, ""t3"": 0.0}",0.0,2.486111111111111,38700878,0.3058301714196461,0.0,0,4572,0.9999324326466289,6.756735337112782e-05,1007,0,0,0,0,0,0,0.0,0,1497
forecast_M2_pin,2,0.7662074358822792,3.062652980919663,4.245362408687915,0.8657487091222031,3220.531183621645,6060.811490852558,0.25727411944869827,404.1471571906354,"{""t0"": 0.0, ""t1"": 0.0, ""t2"": 0.0, ""t3"": 0.0}",0.0,2.4916666666666667,38711759,0.3056350011213189,0.0,0,4579,0.999891945262725,0.00010805473727505807,1007,0,0,0,0,0,0,0.0,0,1522
oracle_pin,2,0.8754482185036068,3.0653939001661423,4.369680278185209,0.8605851979345955,3255.3861233441694,6140.9248527516265,0.25421133231240434,401.6842105263158,"{""t0"": 0.0, ""t1"": 0.0, ""t2"": 0.0, ""t3"": 0.0}",0.0,2.5069444444444446,45144170,0.19025814478156397,0.0,0,5682,0.9998565464045739,0.0001434535954262225,1007,0,0,0,0,0,0,0.0,0,1584
pin_random,2,0.8656558536285957,3.0894914684688017,4.2798199797782015,0.8519793459552496,3275.5412281432964,6221.710940601323,0.25727411944869827,395.9803386127799,"{""t0"": 0.0, ""t1"": 0.0, ""t2"": 0.0, ""t3"": 0.0}",0.0,2.5430555555555556,46862572,0.15943551533702946,0.0,0,6002,0.9995049605943458,0.0004950394056540635,1007,0,0,0,0,0,0,0.0,0,2003
forecast_M2_touch,2,0.7841491923434774,2.8893836874408403,4.213420301117933,0.8743545611015491,3198.1290405993777,6042.469918503807,0.25727411944869827,406.86868686868684,"{""t0"": 0.0, ""t1"": 0.0, ""t2"": 0.0, ""t3"": 0.0}",0.0,2.475,34805610,0.37569880643703607,0.0,0,4136,0.999999926760762,7.32392379935147e-08,1007,0,516,242,274,0,2636016,25.80000000000023,0,0
