arm,seed,ttft_after_tool_p50,ttft_after_tool_p95,ttft_after_tool_p99,slo_attainment_calls,bg_jct_mean,bg_jct_p95,deadline_hit_rate,tasks_per_hour,max_imposed_delay_by_tenant,mean_held_s_background,gpu_hours,recomputed_prefill_tokens,kv_hit_rate,hold_kv_block_s,evictions_caused_by_holds,evictions_to_admit,queue_proxy_share,queue_worker_share,sessions_completed,caps,touches,touch_hits,touch_misses,touch_fails,touch_prefill_tokens,touch_slot_s,touch_retries
native,0,0.9131283921462909,2.59693872007573,3.3546738820199837,0.8538359788359788,2363.828439948068,4190.269394690996,0.30755064456721914,333.11036789297657,"{""t0"": 0.0, ""t1"": 0.0, ""t2"": 0.0, ""t3"": 0.0}",0.0,2.4916666666666667,39890778,0.15001086596904425,0.0,0,4997,0.0,1.0,830,0,0,0,0,0,0,0.0,0
proxy_rules,0,0.8318014699946161,2.821152876177735,4.398159472618922,0.8816137566137566,2434.8378192493724,4988.379970266711,0.37200736648250465,344.04145077720204,"{""t0"": 0.0, ""t1"": 0.0, ""t2"": 0.0, ""t3"": 0.0}",0.0,2.4125,33400716,0.28830052728342653,0.0,0,3955,1.0,0.0,830,0,0,0,0,0,0,0.0,0
forecast_M2_kv,0,0.7243869988114966,2.7666388502861095,4.1579377054627,0.8842592592592593,2430.237336435165,4988.371880439243,0.37384898710865566,344.4380403458213,"{""t0"": 0.0, ""t1"": 0.0, ""t2"": 0.0, ""t3"": 0.0}",0.0,2.4097222222222223,34423548,0.26650611440085126,0.0,0,4379,1.0,0.0,830,0,0,0,0,0,0,0.0,0
forecast_M2_touch,0,0.8063737513480191,2.9439960087826194,4.191131036516504,0.8531746031746031,2437.924696626142,4986.985407092692,0.3664825046040515,343.6457734330075,"{""t0"": 0.0, ""t1"": 0.0, ""t2"": 0.0, ""t3"": 0.0}",0.0,2.415277777777778,30330946,0.3537109122093412,0.0,0,3754,0.9999981752120165,1.8247879836190782e-06,830,0,2744,1568,1176,0,7894880,137.19999999999695,1955
oracle_touch,0,0.8072394879861804,3.0876894779814164,4.9478363662227105,0.8564814814814815,2426.009543675381,4991.001626890958,0.37384898710865566,345.03464203233256,"{""t0"": 0.0, ""t1"": 0.0, ""t2"": 0.0, ""t3"": 0.0}",0.0,2.4055555555555554,30256958,0.3552874419037152,0.0,0,3758,0.999998261432969,1.7385670309807032e-06,830,0,2727,2084,643,0,4924528,136.34999999999675,1964
touch_random,0,0.8255067291509022,2.814802341205451,4.111199824885215,0.8829365079365079,2432.881848129084,5002.755469100036,0.37016574585635365,344.04145077720204,"{""t0"": 0.0, ""t1"": 0.0, ""t2"": 0.0, ""t3"": 0.0}",0.0,2.4125,33866568,0.2783741944837356,0.0,0,4053,0.999998199595034,1.8004049660901704e-06,830,0,4629,3772,857,0,5368192,231.45000000001838,2068
native,1,0.8974678402985319,2.437179641277549,3.247025830223732,0.8738805970149254,2277.2793502817476,4256.311773431871,0.34285714285714286,340.87949743004,"{""t0"": 0.0, ""t1"": 0.0, ""t2"": 0.0, ""t3"": 0.0}",0.0,2.4319444444444445,38980426,0.13013822327474298,0.0,0,4884,0.0,1.0,829,0,0,0,0,0,0,0.0,0
proxy_rules,1,0.8112270443377838,2.7419874650860265,3.952807166615133,0.8805970149253731,2314.4560822350954,5040.894315790514,0.4125,354.4418052256532,"{""t0"": 0.0, ""t1"": 0.0, ""t2"": 0.0, ""t3"": 0.0}",0.0,2.338888888888889,32284065,0.2795698502419218,0.0,0,3793,1.0,0.0,829,0,0,0,0,0,0,0.0,0
forecast_M2_kv,1,0.6938896774070145,2.472960723418106,3.5402976299892672,0.9,2326.111459468105,5050.146915605998,0.4089285714285714,354.02135231316726,"{""t0"": 0.0, ""t1"": 0.0, ""t2"": 0.0, ""t3"": 0.0}",0.0,2.341666666666667,33231269,0.2584326632250003,0.0,0,4227,1.0,0.0,829,0,0,0,0,0,0,0.0,0
forecast_M2_touch,1,0.801283366902453,2.504143798059135,3.724232372004181,0.8947761194029851,2331.3075969691267,5046.185268481644,0.4035714285714286,354.2314540059347,"{""t0"": 0.0, ""t1"": 0.0, ""t2"": 0.0, ""t3"": 0.0}",0.0,2.3402777777777777,29425266,0.34336494518111993,0.0,0,3619,0.9999992245205496,7.754794504219177e-07,829,0,2359,1314,1045,0,7324368,117.94999999999544,1665
oracle_touch,1,0.788935982447299,2.5164670577534025,3.6490734090962205,0.8962686567164179,2311.6192778795407,5029.501066176146,0.41428571428571426,354.65240641711233,"{""t0"": 0.0, ""t1"": 0.0, ""t2"": 0.0, ""t3"": 0.0}",0.0,2.3375,29169932,0.34906281228237657,0.0,0,3591,0.9999992352990349,7.647009651837799e-07,829,0,3534,2924,610,0,4742768,176.70000000000593,2852
touch_random,1,0.7906181596229089,2.7200950917504425,4.143843496188824,0.8843283582089553,2313.3684302029715,5032.092884901832,0.41607142857142854,354.65240641711233,"{""t0"": 0.0, ""t1"": 0.0, ""t2"": 0.0, ""t3"": 0.0}",0.0,2.3375,32177164,0.2819553832731336,0.0,0,3821,0.9999986532008874,1.3467991125630136e-06,829,0,4213,3532,681,0,4300336,210.65000000001365,1649
native,2,0.9845549124887611,2.587466860782524,3.3842796597598763,0.8603089321692411,2286.165157770379,4003.0800304511667,0.3087378640776699,373.41902313624684,"{""t0"": 0.0, ""t1"": 0.0, ""t2"": 0.0, ""t3"": 0.0}",0.0,2.161111111111111,39033875,0.13242234795082855,0.0,0,4883,0.0,1.0,807,0,0,0,0,0,0,0.0,0
proxy_rules,2,0.8178567196385984,2.605008524152663,3.732422258486925,0.8757555406312961,2327.0416988683037,4892.134823088218,0.4155339805825242,370.08917197452234,"{""t0"": 0.0, ""t1"": 0.0, ""t2"": 0.0, ""t3"": 0.0}",0.0,2.1805555555555554,31490720,0.3000785876642305,0.0,0,3700,1.0,0.0,807,0,0,0,0,0,0,0.0,0
forecast_M2_kv,2,0.7437457047502676,2.522997334707087,4.041008753015484,0.9019476158495635,2364.47660914987,4877.570177846924,0.40194174757281553,368.68020304568523,"{""t0"": 0.0, ""t1"": 0.0, ""t2"": 0.0, ""t3"": 0.0}",0.0,2.188888888888889,32598503,0.27545669772581194,0.0,0,4143,1.0,0.0,807,0,0,0,0,0,0,0.0,0
forecast_M2_touch,2,0.8268742249199477,2.8544297920308495,4.182275728044921,0.8663532572196104,2349.0542392313773,4895.761488019327,0.4135922330097087,369.85359643539147,"{""t0"": 0.0, ""t1"": 0.0, ""t2"": 0.0, ""t3"": 0.0}",0.0,2.1819444444444445,28865734,0.35842224917726107,0.0,0,3561,0.9999983819815806,1.6180184193498149e-06,807,0,2381,1361,1020,0,7124160,119.04999999999538,1683
oracle_touch,2,0.793692727486814,2.8653337647495847,4.160188694413003,0.8683680322364002,2345.376389096031,4873.9826044937145,0.40582524271844655,371.0344827586207,"{""t0"": 0.0, ""t1"": 0.0, ""t2"": 0.0, ""t3"": 0.0}",0.0,2.175,28541758,0.3656230289461229,0.0,0,3492,0.9999989364394728,1.0635605270510258e-06,807,0,2440,1879,561,0,4596992,121.99999999999521,1713
touch_random,2,0.8239981348296226,2.9095104495736903,4.091374407880492,0.867696440564137,2348.4174237515454,4890.204405940976,0.4116504854368932,370.3250478011472,"{""t0"": 0.0, ""t1"": 0.0, ""t2"": 0.0, ""t3"": 0.0}",0.0,2.1791666666666667,31770863,0.29385205222090055,0.0,0,3778,0.9999987209864759,1.2790135241679464e-06,807,0,3891,3205,686,0,4439648,194.55000000001,1645
