arm,seed,ttft_after_tool_p50,ttft_after_tool_p95,ttft_after_tool_p99,slo_attainment_calls,bg_jct_mean,bg_jct_p95,deadline_hit_rate,tasks_per_hour,max_imposed_delay_by_tenant,mean_held_s_background,gpu_hours,recomputed_prefill_tokens,kv_hit_rate,hold_kv_block_s,evictions_caused_by_holds,evictions_to_admit,queue_proxy_share,queue_worker_share,sessions_completed,caps
native,0,1.0780965128550264,2.756734890173874,3.5086852034185165,0.8419078242229368,3404.4756378208444,5468.654104007836,0.1730205278592375,390.5148205928237,"{""t0"": 0.0, ""t1"": 0.0, ""t2"": 0.0, ""t3"": 0.0}",0.0,2.6708333333333334,49379085,0.15278292118724318,0.0,0,6188,0.0,1.0,1043,0
proxy_rules,0,0.8524125416241759,3.381400992251521,5.356467294227627,0.845123258306538,3414.4821535337587,6355.848258667229,0.21994134897360706,367.0381231671554,"{""t0"": 0.0, ""t1"": 0.0, ""t2"": 0.0, ""t3"": 0.0}",0.0,2.841666666666667,39670394,0.31935888807921176,0.0,0,4649,1.0,0.0,1043,0
forecast_M1,0,0.19673144742273507,2.1009054097702347,3.8152664267382934,0.9415862808145766,4212.477034058578,6880.3627196458665,0.10997067448680353,388.8969445882962,"{""t0"": 600.0000000000002, ""t1"": 600.0000000000002, ""t2"": 600.0000000000002, ""t3"": 600.0000000000002}",151.44012644175416,2.6819444444444445,44197720,0.24168171142530975,4048600.998967959,3331,5502,1.0,0.0,1043,1180
forecast_M2,0,0.19230370739933278,2.3467009497472873,4.170550873282738,0.9356913183279743,4211.110661965603,6904.658896803413,0.11436950146627567,384.71311475409834,"{""t0"": 600.0000000000002, ""t1"": 600.0000000000002, ""t2"": 600.0000000000002, ""t3"": 600.0000000000002}",151.9686041148227,2.7111111111111112,44028655,0.24458242850885795,3970599.721477049,3244,5476,1.0,0.0,1043,1176
forecast_M2_nohold,0,0.9062070946694121,3.3437037944024013,5.2328927225256106,0.815112540192926,3400.2052052825793,6229.932445452124,0.21994134897360706,387.49226006191947,"{""t0"": 0.0, ""t1"": 0.0, ""t2"": 0.0, ""t3"": 0.0}",0.0,2.691666666666667,43032927,0.26166653947308643,0.0,0,5215,1.0,0.0,1043,0
oracle,0,0.3785802962319167,2.6151380341370896,4.224864188169542,0.917470525187567,4620.637747710865,6727.92738822708,0.07624633431085048,390.5148205928237,"{""t0"": 600.0000000000002, ""t1"": 600.0000000000002, ""t2"": 600.0000000000002, ""t3"": 600.0000000000002}",114.18295544627497,2.6708333333333334,41802010,0.2827858839283545,1971541.8676588302,1742,5037,1.0,0.0,1043,805
working_set,0,0.3169210913091547,2.2864411127309836,3.1662596219229227,0.920150053590568,5344.420870910849,8376.48068837969,0.10410557184750735,314.6041055718475,"{""t0"": 602.2187966233164, ""t1"": 602.7171080174412, ""t2"": 602.7705910023151, ""t3"": 602.3637094037113}",357.0124939005741,3.3152777777777778,47939337,0.17748526418907298,0.0,0,3476,0.8190576224729422,0.1809423775270577,1043,576
native,1,0.9663212198886413,2.6625029434512264,3.4380998664022626,0.8443804034582133,3281.342082634857,5541.931458349771,0.22366522366522368,396.45569620253167,"{""t0"": 0.0, ""t1"": 0.0, ""t2"": 0.0, ""t3"": 0.0}",0.0,2.6333333333333333,47746948,0.15271378632723412,0.0,0,5936,0.0,1.0,1044,0
proxy_rules,1,0.7594491832751373,2.845432274827186,4.151264313738397,0.8628242074927954,3213.3971831700583,6272.895576572081,0.26262626262626265,393.1380753138075,"{""t0"": 0.0, ""t1"": 0.0, ""t2"": 0.0, ""t3"": 0.0}",0.0,2.6555555555555554,38059405,0.32462260923801173,0.0,0,4428,1.0,0.0,1044,0
forecast_M1,1,0.18129751950300488,2.378026169046825,3.936297043702698,0.9239193083573487,3986.4225300289436,6839.290460955289,0.1385281385281385,347.1963048498845,"{""t0"": 600.0000000000002, ""t1"": 600.0000000000002, ""t2"": 600.0000000000002, ""t3"": 600.0000000000002}",159.8279772095936,3.0069444444444446,43536147,0.22743591591380993,4221444.902888274,3411,5405,1.0,0.0,1044,1265
forecast_M2,1,0.10627378929848419,2.1980339236084547,3.6357940131287076,0.9371757925072046,3979.3958522226817,6826.213559331529,0.14430014430014426,348.4840055632824,"{""t0"": 600.0000000000002, ""t1"": 600.0000000000002, ""t2"": 600.0000000000002, ""t3"": 600.0000000000002}",158.99203391790863,2.995833333333333,43387297,0.23007731098067769,4242353.556361692,3389,5391,1.0,0.0,1044,1221
forecast_M2_nohold,1,0.8186524537436526,3.2001759213494316,4.621462840862274,0.8420749279538905,3203.1937213668816,6224.775850989453,0.2554112554112554,375.65217391304344,"{""t0"": 0.0, ""t1"": 0.0, ""t2"": 0.0, ""t3"": 0.0}",0.0,2.779166666666667,41202586,0.2688457682056136,0.0,0,4986,1.0,0.0,1044,0
oracle,1,0.37532118040871865,2.5845934617370405,4.048406001429878,0.9239193083573487,4380.1358620162855,6656.34319698099,0.11111111111111116,396.87434002111934,"{""t0"": 600.0000000000002, ""t1"": 600.0000000000002, ""t2"": 600.0000000000002, ""t3"": 600.0000000000002}",121.9430380602857,2.6305555555555555,41155325,0.2696844311028608,2275335.795736606,1903,4977,1.0,0.0,1044,838
working_set,1,0.3357231412639976,2.2866892730394737,3.0517135375511333,0.9239193083573487,5182.124256687401,8764.862445023437,0.13275613275613274,295.2395915161037,"{""t0"": 601.3436044035257, ""t1"": 601.6077611115161, ""t2"": 601.6375955940184, ""t3"": 601.505326677619}",349.21714862062186,3.536111111111111,46503465,0.174779825036901,0.0,0,3292,0.7960969799083664,0.2039030200916336,1044,1862
native,2,0.9603034726069382,2.6055363599072727,3.35439844347442,0.8668961560527826,3240.243078908033,5289.452752365592,0.1715160796324655,383.416181914331,"{""t0"": 0.0, ""t1"": 0.0, ""t2"": 0.0, ""t3"": 0.0}",0.0,2.626388888888889,46692741,0.16248173966707258,0.0,0,5796,0.0,1.0,1007,0
proxy_rules,2,0.7704452340658463,2.80427308756034,4.182393897620807,0.868043602983362,3204.036657252995,6034.393856617439,0.25727411944869827,406.18487394957987,"{""t0"": 0.0, ""t1"": 0.0, ""t2"": 0.0, ""t3"": 0.0}",0.0,2.4791666666666665,36770085,0.3404624153143233,0.0,0,4225,1.0,0.0,1007,0
forecast_M1,2,0.040435175692664416,1.9898698100462737,3.485642068549757,0.9512335054503729,4105.258164962825,6628.9213403968815,0.10872894333843797,378.0187695516163,"{""t0"": 600.0000000000002, ""t1"": 600.0000000000002, ""t2"": 600.0000000000002, ""t3"": 600.0000000000002}",160.15107874307077,2.6638888888888888,42102265,0.24482018010302933,4391298.566964295,3412,5201,1.0,0.0,1007,1210
forecast_M2,2,0.040000000000020464,1.8024337062885472,3.45584870372597,0.9586919104991394,4113.416827046648,6630.032354448043,0.10566615620214392,380.59842519685037,"{""t0"": 600.0000000000002, ""t1"": 600.0000000000002, ""t2"": 600.0000000000002, ""t3"": 600.0000000000002}",160.06843307559015,2.6458333333333335,41993639,0.24676858271548088,4399612.596039503,3368,5192,1.0,0.0,1007,1182
forecast_M2_nohold,2,0.8492102381728728,3.1398025790403477,4.662193676058051,0.840504876649455,3227.05536543609,6120.31653091871,0.25421133231240434,420.31304347826085,"{""t0"": 0.0, ""t1"": 0.0, ""t2"": 0.0, ""t3"": 0.0}",0.0,2.3958333333333335,39914072,0.2840693557860908,0.0,0,4779,1.0,0.0,1007,0
oracle,2,0.3439000000000192,2.3297217781722317,3.967572797536039,0.9271371199082042,4353.974846868912,6454.273623239669,0.08422664624808573,419.34065934065933,"{""t0"": 600.0000000000002, ""t1"": 600.0000000000002, ""t2"": 600.0000000000002, ""t3"": 600.0000000000002}",120.27003877818692,2.401388888888889,40118573,0.28040126267165266,2298186.864238504,1853,4812,1.0,0.0,1007,771
working_set,2,0.30258758317086176,2.2827588139902657,3.0451099416763365,0.9271371199082042,5665.550890612381,8905.520520551814,0.10566615620214392,283.6619718309859,"{""t0"": 603.5751319172077, ""t1"": 602.9644898232618, ""t2"": 603.2521005868821, ""t3"": 602.648492969754}",397.92292080978586,3.55,45291787,0.18761036848084164,0.0,0,3120,0.8428009050245674,0.1571990949754327,1007,850
