arm,seed,ttft_after_tool_p50,ttft_after_tool_p95,ttft_after_tool_p99,slo_attainment_calls,bg_jct_mean,bg_jct_p95,deadline_hit_rate,tasks_per_hour,max_imposed_delay_by_tenant,mean_held_s_background,gpu_hours,recomputed_prefill_tokens,kv_hit_rate,hold_kv_block_s,evictions_caused_by_holds,evictions_to_admit,queue_proxy_share,queue_worker_share,sessions_completed,caps,touches,touch_hits,touch_misses,touch_fails,touch_prefill_tokens,touch_slot_s
native,0,1.0780965128550264,2.756734890173874,3.5086852034185165,0.8419078242229368,3404.4756378208444,5468.654104007836,0.1730205278592375,390.5148205928237,"{""t0"": 0.0, ""t1"": 0.0, ""t2"": 0.0, ""t3"": 0.0}",0.0,2.6708333333333334,49379085,0.15278292118724318,0.0,0,6188,0.0,1.0,1043,0,0,0,0,0,0,0.0
proxy_rules,0,0.8524125416241759,3.381400992251521,5.356467294227627,0.845123258306538,3414.4821535337587,6355.848258667229,0.21994134897360706,367.0381231671554,"{""t0"": 0.0, ""t1"": 0.0, ""t2"": 0.0, ""t3"": 0.0}",0.0,2.841666666666667,39670394,0.31935888807921176,0.0,0,4649,1.0,0.0,1043,0,0,0,0,0,0,0.0
forecast_M1_kv,0,0.7428484322347231,3.1030483959099797,4.9214742097689115,0.8612004287245445,3423.6033590864313,6371.284134577939,0.2272727272727273,366.5007320644217,"{""t0"": 0.0, ""t1"": 0.0, ""t2"": 0.0, ""t3"": 0.0}",0.0,2.845833333333333,42963936,0.26285024616761854,0.0,0,5511,1.0,0.0,1043,0,0,0,0,0,0,0.0
forecast_M2_kv,0,0.7271061041484472,3.1213801457113277,4.557873329293517,0.84994640943194,3422.2849124959653,6372.200904870095,0.2243401759530792,366.5007320644217,"{""t0"": 0.0, ""t1"": 0.0, ""t2"": 0.0, ""t3"": 0.0}",0.0,2.845833333333333,42344493,0.27347828208507247,0.0,0,5403,1.0,0.0,1043,0,0,0,0,0,0,0.0
forecast_M1_kv_size,0,0.7803688874594172,3.1598931862552035,4.49974260815386,0.8590568060021436,3420.186579805104,6383.014990134131,0.21994134897360706,366.3219512195122,"{""t0"": 0.0, ""t1"": 0.0, ""t2"": 0.0, ""t3"": 0.0}",0.0,2.8472222222222223,43035056,0.26163001135271335,0.0,0,5366,1.0,0.0,1043,0,0,0,0,0,0,0.0
forecast_M2_kv_size,0,0.8168564059038772,3.111556373272606,4.676108644221535,0.8536977491961415,3419.5859334734164,6380.576512952535,0.2243401759530792,367.7571008814887,"{""t0"": 0.0, ""t1"": 0.0, ""t2"": 0.0, ""t3"": 0.0}",0.0,2.8361111111111112,42506072,0.2707060053533856,0.0,0,5273,1.0,0.0,1043,0,0,0,0,0,0,0.0
oracle_kv,0,0.8914328685473834,3.2646511701468057,4.813738444562252,0.8413719185423365,3444.729289605613,6398.48367024778,0.21700879765395897,366.5007320644217,"{""t0"": 0.0, ""t1"": 0.0, ""t2"": 0.0, ""t3"": 0.0}",0.0,2.845833333333333,42979946,0.2625755560750056,0.0,0,5703,1.0,0.0,1043,0,0,0,0,0,0,0.0
oracle_kv_size,0,0.8671353207103039,3.263516761640176,5.198324136036557,0.8429796355841372,3446.681869458591,6390.618289895788,0.21700879765395897,365.25291828793775,"{""t0"": 0.0, ""t1"": 0.0, ""t2"": 0.0, ""t3"": 0.0}",0.0,2.8555555555555556,43627694,0.25146187974084905,0.0,0,5759,1.0,0.0,1043,0,0,0,0,0,0,0.0
native,1,0.9663212198886413,2.6625029434512264,3.4380998664022626,0.8443804034582133,3281.342082634857,5541.931458349771,0.22366522366522368,396.45569620253167,"{""t0"": 0.0, ""t1"": 0.0, ""t2"": 0.0, ""t3"": 0.0}",0.0,2.6333333333333333,47746948,0.15271378632723412,0.0,0,5936,0.0,1.0,1044,0,0,0,0,0,0,0.0
proxy_rules,1,0.7594491832751373,2.845432274827186,4.151264313738397,0.8628242074927954,3213.3971831700583,6272.895576572081,0.26262626262626265,393.1380753138075,"{""t0"": 0.0, ""t1"": 0.0, ""t2"": 0.0, ""t3"": 0.0}",0.0,2.6555555555555554,38059405,0.32462260923801173,0.0,0,4428,1.0,0.0,1044,0,0,0,0,0,0,0.0
forecast_M1_kv,1,0.6928602212522037,2.684370566992561,4.127739666626877,0.8893371757925072,3218.874420132742,6301.142626351169,0.26262626262626265,391.9082377476538,"{""t0"": 0.0, ""t1"": 0.0, ""t2"": 0.0, ""t3"": 0.0}",0.0,2.6638888888888888,41214990,0.2686256549075994,0.0,0,5261,1.0,0.0,1044,0,0,0,0,0,0,0.0
forecast_M2_kv,1,0.6919393676264463,2.842064586672904,4.24607780596668,0.8795389048991354,3218.461619658445,6283.638801853509,0.26262626262626265,391.7040125065138,"{""t0"": 0.0, ""t1"": 0.0, ""t2"": 0.0, ""t3"": 0.0}",0.0,2.665277777777778,40884151,0.2744965081325067,0.0,0,5214,1.0,0.0,1044,0,0,0,0,0,0,0.0
forecast_M1_kv_size,1,0.6873456387613714,2.960979575828901,4.391510148851872,0.8726224783861671,3222.3244987285075,6285.077449025983,0.2611832611832612,391.2961998958875,"{""t0"": 0.0, ""t1"": 0.0, ""t2"": 0.0, ""t3"": 0.0}",0.0,2.6680555555555556,40703884,0.2776954088010929,0.0,0,5054,1.0,0.0,1044,0,0,0,0,0,0,0.0
forecast_M2_kv_size,1,0.7123567889470905,2.9465516516691537,4.550078220823697,0.8904899135446686,3219.604638161608,6302.453187997569,0.26262626262626265,391.5,"{""t0"": 0.0, ""t1"": 0.0, ""t2"": 0.0, ""t3"": 0.0}",0.0,2.6666666666666665,40877009,0.27462324540874167,0.0,0,5051,1.0,0.0,1044,0,0,0,0,0,0,0.0
oracle_kv,1,0.8409035466117984,2.7514960221351883,4.453725919864188,0.8737752161383285,3239.379662170666,6297.807027511076,0.26262626262626265,390.8892355694228,"{""t0"": 0.0, ""t1"": 0.0, ""t2"": 0.0, ""t3"": 0.0}",0.0,2.6708333333333334,41824095,0.2578168746442169,0.0,0,5519,1.0,0.0,1044,0,0,0,0,0,0,0.0
oracle_kv_size,1,0.8454061590821311,2.955798726234422,4.448207336565751,0.8582132564841498,3241.890428978802,6305.9805053241635,0.26262626262626265,391.2961998958875,"{""t0"": 0.0, ""t1"": 0.0, ""t2"": 0.0, ""t3"": 0.0}",0.0,2.6680555555555556,41758036,0.2589891145953235,0.0,0,5499,1.0,0.0,1044,0,0,0,0,0,0,0.0
native,2,0.9603034726069382,2.6055363599072727,3.35439844347442,0.8668961560527826,3240.243078908033,5289.452752365592,0.1715160796324655,383.416181914331,"{""t0"": 0.0, ""t1"": 0.0, ""t2"": 0.0, ""t3"": 0.0}",0.0,2.626388888888889,46692741,0.16248173966707258,0.0,0,5796,0.0,1.0,1007,0,0,0,0,0,0,0.0
proxy_rules,2,0.7704452340658463,2.80427308756034,4.182393897620807,0.868043602983362,3204.036657252995,6034.393856617439,0.25727411944869827,406.18487394957987,"{""t0"": 0.0, ""t1"": 0.0, ""t2"": 0.0, ""t3"": 0.0}",0.0,2.4791666666666665,36770085,0.3404624153143233,0.0,0,4225,1.0,0.0,1007,0,0,0,0,0,0,0.0
forecast_M1_kv,2,0.6780809999945916,2.9803697304425425,4.216217054909391,0.8743545611015491,3218.7642191312257,6067.635627194654,0.25574272588055125,404.8241206030151,"{""t0"": 0.0, ""t1"": 0.0, ""t2"": 0.0, ""t3"": 0.0}",0.0,2.4875,40534214,0.2729459940412881,0.0,0,5093,1.0,0.0,1007,0,0,0,0,0,0,0.0
forecast_M2_kv,2,0.6695573332640379,2.8576035420436026,4.229898752821761,0.8858290304073436,3207.5610077417696,6064.524342006407,0.2588055130168453,404.5982142857143,"{""t0"": 0.0, ""t1"": 0.0, ""t2"": 0.0, ""t3"": 0.0}",0.0,2.488888888888889,39793902,0.28622482079390027,0.0,0,4990,1.0,0.0,1007,0,0,0,0,0,0,0.0
forecast_M1_kv_size,2,0.6993452814317607,2.844594527115711,4.08418990995902,0.8732071141709696,3205.226301782615,6064.489248478962,0.26339969372128635,404.5982142857143,"{""t0"": 0.0, ""t1"": 0.0, ""t2"": 0.0, ""t3"": 0.0}",0.0,2.488888888888889,40099222,0.2807483576484865,0.0,0,4914,1.0,0.0,1007,0,0,0,0,0,0,0.0
forecast_M2_kv_size,2,0.7199329902732643,2.903818170305498,4.377143104647377,0.882960413080895,3208.036321838163,6062.890555652098,0.25727411944869827,405.2766908887647,"{""t0"": 0.0, ""t1"": 0.0, ""t2"": 0.0, ""t3"": 0.0}",0.0,2.484722222222222,39742777,0.2871418395883103,0.0,0,4873,1.0,0.0,1007,0,0,0,0,0,0,0.0
oracle_kv,2,0.8217766210332229,2.9383748057718058,4.373789321776339,0.8663224325874929,3227.9296935831694,6073.187814127371,0.25574272588055125,404.3725599553821,"{""t0"": 0.0, ""t1"": 0.0, ""t2"": 0.0, ""t3"": 0.0}",0.0,2.4902777777777776,40760377,0.2688893540099891,0.0,0,5355,1.0,0.0,1007,0,0,0,0,0,0,0.0
oracle_kv_size,2,0.8487043422628631,2.8896904021350327,4.384764027754798,0.8703384968445209,3230.3426039568576,6090.71237327378,0.25421133231240434,404.3725599553821,"{""t0"": 0.0, ""t1"": 0.0, ""t2"": 0.0, ""t3"": 0.0}",0.0,2.4902777777777776,40649475,0.27087858077453997,0.0,0,5309,1.0,0.0,1007,0,0,0,0,0,0,0.0
