class,model,h,rate,mean,sd,n,ci95
background,B0_constant,10.0,100.0,0.0,0.0,3,0.0
background,B0_constant,10.0,200.0,0.0,0.0,3,0.0
background,B0_constant,10.0,400.0,0.0,0.0,3,0.0
background,B0_constant,30.0,100.0,0.0,0.0,3,0.0
background,B0_constant,30.0,200.0,0.0,0.0,3,0.0
background,B0_constant,30.0,400.0,0.0,0.0,3,0.0
background,B0_constant,120.0,100.0,0.0,0.0,3,0.0
background,B0_constant,120.0,200.0,0.0,0.0,3,0.0
background,B0_constant,120.0,400.0,0.0,0.0,3,0.0
background,B0_constant,300.0,100.0,0.0,0.0,3,0.0
background,B0_constant,300.0,200.0,0.0,0.0,3,0.0
background,B0_constant,300.0,400.0,0.0,0.0,3,0.0
background,B0_constant,900.0,100.0,0.0,0.0,3,0.0
background,B0_constant,900.0,200.0,0.0,0.0,3,0.0
background,B0_constant,900.0,400.0,0.0,0.0,3,0.0
background,B1_kalman,10.0,100.0,0.00014456601711145274,8.480734254341339e-07,3,9.59685424115252e-07
background,B1_kalman,10.0,200.0,0.0001439433348442348,5.141080607680952e-07,3,5.817680374629518e-07
background,B1_kalman,10.0,400.0,0.00014413306165913134,5.179066351843609e-07,3,5.860665290680169e-07
background,B1_kalman,30.0,100.0,0.00014386772952526238,6.275537589356709e-07,3,7.101439300388434e-07
background,B1_kalman,30.0,200.0,0.00014444192310968576,7.805229523048509e-07,3,8.832448677788987e-07
background,B1_kalman,30.0,400.0,0.0001438913390506702,8.35697100538654e-08,3,9.45680294075684e-08
background,B1_kalman,120.0,100.0,0.00014250945867929474,4.4447153551116116e-07,3,5.029668909220107e-07
background,B1_kalman,120.0,200.0,0.00014352832873248015,3.9301396576418373e-07,3,4.4473716910129836e-07
background,B1_kalman,120.0,400.0,0.00014310437122688456,2.662928214698529e-07,3,3.0133869503141365e-07
background,B1_kalman,300.0,100.0,0.00014115885057871646,5.177160480706214e-07,3,5.858508594460305e-07
background,B1_kalman,300.0,200.0,0.00014202389637541047,6.830818050330642e-07,3,7.729798294681752e-07
background,B1_kalman,300.0,400.0,0.0001411788550034791,5.095660099735715e-07,3,5.766282231351251e-07
background,B1_kalman,900.0,100.0,0.00013500336253007616,5.633871585426931e-07,3,6.375325861795004e-07
background,B1_kalman,900.0,200.0,0.00013453513307776734,4.144668410287672e-07,3,4.6901338278673985e-07
background,B1_kalman,900.0,400.0,0.0001341905154831896,8.541579571426855e-07,3,9.66570719914109e-07
background,B2_history,10.0,100.0,0.0,0.0,3,0.0
background,B2_history,10.0,200.0,0.0,0.0,3,0.0
background,B2_history,10.0,400.0,0.0,0.0,3,0.0
background,B2_history,30.0,100.0,0.0,0.0,3,0.0
background,B2_history,30.0,200.0,0.0,0.0,3,0.0
background,B2_history,30.0,400.0,0.0,0.0,3,0.0
background,B2_history,120.0,100.0,0.0,0.0,3,0.0
background,B2_history,120.0,200.0,0.0,0.0,3,0.0
background,B2_history,120.0,400.0,0.0,0.0,3,0.0
background,B2_history,300.0,100.0,0.0,0.0,3,0.0
background,B2_history,300.0,200.0,0.0,0.0,3,0.0
background,B2_history,300.0,400.0,0.0,0.0,3,0.0
background,B2_history,900.0,100.0,0.0,0.0,3,0.0
background,B2_history,900.0,200.0,0.0,0.0,3,0.0
background,B2_history,900.0,400.0,0.0,0.0,3,0.0
background,M1_survival,10.0,100.0,0.0,0.0,3,0.0
background,M1_survival,10.0,200.0,0.0,0.0,3,0.0
background,M1_survival,10.0,400.0,0.0,0.0,3,0.0
background,M1_survival,30.0,100.0,0.0,0.0,3,0.0
background,M1_survival,30.0,200.0,0.0,0.0,3,0.0
background,M1_survival,30.0,400.0,0.0,0.0,3,0.0
background,M1_survival,120.0,100.0,0.0,0.0,3,0.0
background,M1_survival,120.0,200.0,0.0,0.0,3,0.0
background,M1_survival,120.0,400.0,0.0,0.0,3,0.0
background,M1_survival,300.0,100.0,0.0,0.0,3,0.0
background,M1_survival,300.0,200.0,0.0,0.0,3,0.0
background,M1_survival,300.0,400.0,0.0,0.0,3,0.0
background,M1_survival,900.0,100.0,0.0,0.0,3,0.0
background,M1_survival,900.0,200.0,0.0,0.0,3,0.0
background,M1_survival,900.0,400.0,0.0,0.0,3,0.0
background,M2_progress,10.0,100.0,0.0,0.0,3,0.0
background,M2_progress,10.0,200.0,0.0,0.0,3,0.0
background,M2_progress,10.0,400.0,0.0,0.0,3,0.0
background,M2_progress,30.0,100.0,0.0,0.0,3,0.0
background,M2_progress,30.0,200.0,0.0,0.0,3,0.0
background,M2_progress,30.0,400.0,0.0,0.0,3,0.0
background,M2_progress,120.0,100.0,0.0,0.0,3,0.0
background,M2_progress,120.0,200.0,0.0,0.0,3,0.0
background,M2_progress,120.0,400.0,0.0,0.0,3,0.0
background,M2_progress,300.0,100.0,0.0,0.0,3,0.0
background,M2_progress,300.0,200.0,0.0,0.0,3,0.0
background,M2_progress,300.0,400.0,0.0,0.0,3,0.0
background,M2_progress,900.0,100.0,0.0,0.0,3,0.0
background,M2_progress,900.0,200.0,0.0,0.0,3,0.0
background,M2_progress,900.0,400.0,0.0,0.0,3,0.0
interactive,B0_constant,10.0,100.0,7752.883000739098,1807.3560211451145,3,2045.2158712460607
interactive,B0_constant,10.0,200.0,10366.774427198818,308.0919713836671,3,348.63888592250447
interactive,B0_constant,10.0,400.0,15187.947376201037,1432.4877870546527,3,1621.012530555036
interactive,B0_constant,30.0,100.0,8089.3175166297115,2169.1216855201596,3,2454.592258518633
interactive,B0_constant,30.0,200.0,11132.524611973393,418.18197658458206,3,473.2174544326621
interactive,B0_constant,30.0,400.0,16359.59312638581,1992.4421387043537,3,2254.660530046396
interactive,B0_constant,120.0,100.0,10537.637989652625,2260.6253160726146,3,2558.138364151958
interactive,B0_constant,120.0,200.0,14036.744789356984,200.43364214391028,3,226.8120178030297
interactive,B0_constant,120.0,400.0,23251.366814486322,3858.4565453775967,3,4366.254613255249
interactive,B0_constant,300.0,100.0,14297.036585365853,3543.7104675121714,3,4010.085897002564
interactive,B0_constant,300.0,200.0,17597.973835920176,1029.1669607199767,3,1164.6120507529854
interactive,B0_constant,300.0,400.0,32868.53828529194,3131.6475922031264,3,3543.792857516416
interactive,B0_constant,900.0,100.0,25967.956023651146,6263.107799508295,3,7087.373669059128
interactive,B0_constant,900.0,200.0,44222.5940872136,2315.9901637517764,3,2620.7895871859228
interactive,B0_constant,900.0,400.0,91487.56097560975,12157.570333733882,3,13757.585949551207
interactive,B1_kalman,10.0,100.0,3122.6316885713245,725.5279896073902,3,821.0122090046922
interactive,B1_kalman,10.0,200.0,4631.934014543493,256.0693293806916,3,289.76972464833256
interactive,B1_kalman,10.0,400.0,7732.513997563227,1236.6216502418642,3,1399.3691315996048
interactive,B1_kalman,30.0,100.0,3948.890776456632,1003.2219774233739,3,1135.252538295774
interactive,B1_kalman,30.0,200.0,6558.787273049093,229.21248116920395,3,259.3783399011374
interactive,B1_kalman,30.0,400.0,12330.038991824085,1607.0293021388213,3,1818.5248483635114
interactive,B1_kalman,120.0,100.0,5504.661459324831,1401.1024928687934,3,1585.4967267833051
interactive,B1_kalman,120.0,200.0,9978.478077446658,636.7010464401205,3,720.4950602888192
interactive,B1_kalman,120.0,400.0,20176.950749871263,2560.7101966272858,3,2897.7163738251907
interactive,B1_kalman,300.0,100.0,7246.455595342642,2143.4449340407714,3,2425.5362789366945
interactive,B1_kalman,300.0,200.0,12967.76360540316,1024.8344915329387,3,1159.7094003402567
interactive,B1_kalman,300.0,400.0,26639.585123828223,3429.614721222895,3,3880.9744057288935
interactive,B1_kalman,900.0,100.0,12049.826475387397,4120.727472272855,3,4663.042106132685
interactive,B1_kalman,900.0,200.0,24100.030970622785,2062.5719060886413,3,2334.019832598344
interactive,B1_kalman,900.0,400.0,44554.827795777564,3940.0764275219667,3,4458.616204672713
interactive,B2_history,10.0,100.0,17610.89937176644,4208.904397947791,3,4762.823690811171
interactive,B2_history,10.0,200.0,37444.768810051726,2818.8028872961663,3,3189.7757473149545
interactive,B2_history,10.0,400.0,68653.88300073908,4479.8151032238775,3,5069.388013301472
interactive,B2_history,30.0,100.0,16592.70927568366,4166.2745708365255,3,4714.583500181107
interactive,B2_history,30.0,200.0,35476.333074648915,2453.6539247040173,3,2776.5707976950507
interactive,B2_history,30.0,400.0,64447.9431263858,4739.43891976766,3,5363.18001882587
interactive,B2_history,120.0,100.0,14482.692498152252,3848.6460868345566,3,4355.1530343290815
interactive,B2_history,120.0,200.0,31176.99855875831,2270.777768497694,3,2569.6269455874444
interactive,B2_history,120.0,400.0,54778.15362158165,3612.224757699753,3,4087.617115013511
interactive,B2_history,300.0,100.0,12633.32276422764,3327.556891065033,3,3765.4850989283746
interactive,B2_history,300.0,200.0,27622.641500369544,2520.7923517370923,3,2852.5450799792575
interactive,B2_history,300.0,400.0,47058.632926829254,1586.6348236585516,3,1795.4463233880024
interactive,B2_history,900.0,100.0,10570.451810790832,2242.32535330602,3,2537.4300068302286
interactive,B2_history,900.0,200.0,23151.537583148554,2387.2588853974676,3,2701.4377378147256
interactive,B2_history,900.0,400.0,37274.044863266805,1160.16689425067,3,1312.8524306530123
interactive,M1_survival,10.0,100.0,2890.883628972653,402.8354728415645,3,455.85125062104663
interactive,M1_survival,10.0,200.0,4478.778307464891,933.3796005950121,3,1056.2184487728857
interactive,M1_survival,10.0,400.0,7675.384035476717,2318.7106752724612,3,2623.868135781172
interactive,M1_survival,30.0,100.0,3146.875498891352,701.1518063691972,3,793.4279609340948
interactive,M1_survival,30.0,200.0,4371.2066518847,774.302814657101,3,876.2061194140618
interactive,M1_survival,30.0,400.0,7263.21485587583,1573.2345138732085,3,1780.2824453628898
interactive,M1_survival,120.0,100.0,3376.0242054693267,848.7880981902598,3,960.4941524711902
interactive,M1_survival,120.0,200.0,4740.457390983,741.2193346788954,3,838.7686375146145
interactive,M1_survival,120.0,400.0,7925.899926090169,119.9019715469306,3,135.68185367601498
interactive,M1_survival,300.0,100.0,3705.616629711751,987.8462927543444,3,1117.8533131578015
interactive,M1_survival,300.0,200.0,5119.741722099038,1174.2199024857266,3,1328.7549065043827
interactive,M1_survival,300.0,400.0,8041.512749445676,1595.3968804400222,3,1805.3615240372187
interactive,M1_survival,900.0,100.0,4010.4046563192896,496.64001639949436,3,562.0010844308329
interactive,M1_survival,900.0,200.0,6089.491278640057,1215.721589118824,3,1375.7184860052898
interactive,M1_survival,900.0,400.0,8750.16130820399,2342.6551544808967,3,2650.9638647537
interactive,M2_progress,10.0,100.0,2893.684589800443,430.2233662053575,3,486.843569529047
interactive,M2_progress,10.0,200.0,4452.86175166297,956.2036950625865,3,1082.0463430592183
interactive,M2_progress,10.0,400.0,7662.755432372504,2307.594218961115,3,2611.2886812553434
interactive,M2_progress,30.0,100.0,3145.295971914264,655.4247032887649,3,741.6828725995061
interactive,M2_progress,30.0,200.0,4387.144937176644,766.9862371082983,3,867.9266325000597
interactive,M2_progress,30.0,400.0,7281.883702882482,1556.9573375227994,3,1761.8630863536805
interactive,M2_progress,120.0,100.0,3404.570731707317,870.401873771012,3,984.952442004703
interactive,M2_progress,120.0,200.0,4775.140983000739,727.8880672257229,3,823.6828882432676
interactive,M2_progress,120.0,400.0,7891.919031781225,123.53385106108246,3,139.7917122417283
interactive,M2_progress,300.0,100.0,3698.123392461197,955.7525875371423,3,1081.535866838771
interactive,M2_progress,300.0,200.0,5154.983739837397,1176.2822506389732,3,1331.0886731368046
interactive,M2_progress,300.0,400.0,8054.426237989651,1606.1464148950952,3,1817.5257673953656
interactive,M2_progress,900.0,100.0,4025.8690687361413,517.1235161056991,3,585.1803464067059
interactive,M2_progress,900.0,200.0,6073.131189948262,1228.4160460863582,3,1390.0836163742365
interactive,M2_progress,900.0,400.0,8830.32313377679,2274.0015648196513,3,2573.275014549062
